STR,Total_Gross_Acres,Percent_Interest,NMA,Land_Description,Account_ID
1-1N-55W,106,0.44,46.64,Random Land Description num: 1,456
1-1N-55W,106,0.91,96.46,Random Land Description num: 2,384
1-1N-55W,106,0.1,10.6,Random Land Description num: 3,248
2-1N-55W,320,0.27,86.4,Random Land Description num: 4,496
3-1N-55W,80,0.9,72,Random Land Description num: 5,922
3-1N-55W,80,0.04,3.2,Random Land Description num: 6,62
3-1N-55W,80,0.93,74.4,Random Land Description num: 7,497
3-1N-55W,80,1,80,Random Land Description num: 8,383
4-1N-55W,320,0.46,147.2,Random Land Description num: 9,182
5-1N-55W,320,0.76,243.2,Random Land Description num: 10,901
6-1N-55W,320,0.55,176,Random Land Description num: 11,657
7-1N-55W,320,0.86,275.2,Random Land Description num: 12,460
8-1N-55W,320,0.92,294.4,Random Land Description num: 13,864
9-1N-55W,320,0.72,230.4,Random Land Description num: 14,546
10-1N-55W,320,0.21,67.2,Random Land Description num: 15,332
11-1N-55W,320,0.6,192,Random Land Description num: 16,603
12-1N-55W,64,0.67,42.88,Random Land Description num: 17,180
12-1N-55W,64,0.14,8.96,Random Land Description num: 18,856
12-1N-55W,64,0.29,18.56,Random Land Description num: 19,630
12-1N-55W,64,0.05,3.2,Random Land Description num: 20,903
12-1N-55W,64,0.94,60.16,Random Land Description num: 21,628
13-1N-55W,320,0.26,83.2,Random Land Description num: 22,616
14-1N-55W,320,0.7,224,Random Land Description num: 23,580
15-1N-55W,320,0.02,6.4,Random Land Description num: 24,806
16-1N-55W,320,0.81,259.2,Random Land Description num: 25,236
17-1N-55W,320,0.13,41.6,Random Land Description num: 26,80
18-1N-55W,320,0.72,230.4,Random Land Description num: 27,989
19-1N-55W,320,0.03,9.6,Random Land Description num: 28,723
20-1N-55W,320,0.1,32,Random Land Description num: 29,41
21-1N-55W,17,0.03,0.51,Random Land Description num: 30,400
21-1N-55W,17,0.25,4.25,Random Land Description num: 31,247
21-1N-55W,17,0.63,10.71,Random Land Description num: 32,322
21-1N-55W,17,0.45,7.65,Random Land Description num: 33,133
21-1N-55W,17,0.39,6.63,Random Land Description num: 34,967
21-1N-55W,17,0.37,6.29,Random Land Description num: 35,441
21-1N-55W,17,0.34,5.78,Random Land Description num: 36,791
21-1N-55W,17,0.07,1.19,Random Land Description num: 37,835
21-1N-55W,17,0.21,3.57,Random Land Description num: 38,341
22-1N-55W,160,0.46,73.6,Random Land Description num: 39,991
23-1N-55W,160,0.36,57.6,Random Land Description num: 40,563
24-1N-55W,20,0.72,14.4,Random Land Description num: 41,663
24-1N-55W,20,0.23,4.6,Random Land Description num: 42,199
24-1N-55W,20,0.11,2.2,Random Land Description num: 43,977
24-1N-55W,20,0.8,16,Random Land Description num: 44,481
24-1N-55W,20,0.78,15.6,Random Land Description num: 45,90
24-1N-55W,20,0.61,12.2,Random Land Description num: 46,842
24-1N-55W,20,0.98,19.6,Random Land Description num: 47,88
24-1N-55W,20,0.81,16.2,Random Land Description num: 48,586
25-1N-55W,160,0.51,81.6,Random Land Description num: 49,763
26-1N-55W,160,0.69,110.4,Random Land Description num: 50,107
27-1N-55W,160,0.36,57.6,Random Land Description num: 51,81
28-1N-55W,160,0.5,80,Random Land Description num: 52,863
29-1N-55W,160,0.27,43.2,Random Land Description num: 53,349
30-1N-55W,160,0.61,97.6,Random Land Description num: 54,741
31-1N-55W,160,0.09,14.4,Random Land Description num: 55,918
32-1N-55W,160,0.23,36.8,Random Land Description num: 56,559
33-1N-55W,17,0.83,14.11,Random Land Description num: 57,358
33-1N-55W,17,0.46,7.82,Random Land Description num: 58,860
33-1N-55W,17,0.41,6.97,Random Land Description num: 59,846
33-1N-55W,17,0.3,5.1,Random Land Description num: 60,100
33-1N-55W,17,0.94,15.98,Random Land Description num: 61,321
33-1N-55W,17,0.06,1.02,Random Land Description num: 62,232
33-1N-55W,17,0.81,13.77,Random Land Description num: 63,103
33-1N-55W,17,0.21,3.57,Random Land Description num: 64,179
33-1N-55W,17,0.12,2.04,Random Land Description num: 65,731
34-1N-55W,160,0.41,65.6,Random Land Description num: 66,778
35-1N-55W,160,0.35,56,Random Land Description num: 67,961
36-1N-55W,160,0.89,142.4,Random Land Description num: 68,287
1-1N-56W,160,0.89,142.4,Random Land Description num: 69,327
2-1N-56W,160,0.76,121.6,Random Land Description num: 70,569
3-1N-56W,160,0.85,136,Random Land Description num: 71,777
4-1N-56W,80,0.55,44,Random Land Description num: 72,402
4-1N-56W,80,0.81,64.8,Random Land Description num: 73,583
5-1N-56W,160,0.56,89.6,Random Land Description num: 74,629
6-1N-56W,160,0.7,112,Random Land Description num: 75,32
7-1N-56W,160,0.62,99.2,Random Land Description num: 76,355
8-1N-56W,80,0.28,22.4,Random Land Description num: 77,294
8-1N-56W,80,0.44,35.2,Random Land Description num: 78,785
9-1N-56W,160,0.02,3.2,Random Land Description num: 79,91
10-1N-56W,80,0.05,4,Random Land Description num: 80,988
10-1N-56W,80,0.75,60,Random Land Description num: 81,542
11-1N-56W,160,0.69,110.4,Random Land Description num: 82,591
12-1N-56W,160,0.42,67.2,Random Land Description num: 83,498
13-1N-56W,160,0.05,8,Random Land Description num: 84,379
14-1N-56W,160,0.27,43.2,Random Land Description num: 85,553
15-1N-56W,40,0.37,14.8,Random Land Description num: 86,632
15-1N-56W,40,0.34,13.6,Random Land Description num: 87,492
15-1N-56W,40,0.74,29.6,Random Land Description num: 88,756
15-1N-56W,40,0.65,26,Random Land Description num: 89,117
16-1N-56W,160,0.98,156.8,Random Land Description num: 90,337
17-1N-56W,160,0.92,147.2,Random Land Description num: 91,912
18-1N-56W,160,0.37,59.2,Random Land Description num: 92,342
19-1N-56W,160,0.2,32,Random Land Description num: 93,999
20-1N-56W,160,1,160,Random Land Description num: 94,986
21-1N-56W,160,0.64,102.4,Random Land Description num: 95,658
22-1N-56W,160,0.52,83.2,Random Land Description num: 96,220
23-1N-56W,160,0.54,86.4,Random Land Description num: 97,428
24-1N-56W,160,0.78,124.8,Random Land Description num: 98,493
25-1N-56W,160,0.18,28.8,Random Land Description num: 99,358
26-1N-56W,160,0.3,48,Random Land Description num: 100,129
27-1N-56W,160,0.12,19.2,Random Land Description num: 101,933
28-1N-56W,160,0.91,145.6,Random Land Description num: 102,519
29-1N-56W,160,0.83,132.8,Random Land Description num: 103,908
30-1N-56W,160,0.35,56,Random Land Description num: 104,53
31-1N-56W,160,0.72,115.2,Random Land Description num: 105,908
32-1N-56W,160,0.79,126.4,Random Land Description num: 106,857
33-1N-56W,160,0.36,57.6,Random Land Description num: 107,738
34-1N-56W,160,0.56,89.6,Random Land Description num: 108,34
35-1N-56W,160,0.12,19.2,Random Land Description num: 109,567
36-1N-56W,160,0.77,123.2,Random Land Description num: 110,924
1-1N-57W,160,0.03,4.8,Random Land Description num: 111,573
2-1N-57W,160,0.52,83.2,Random Land Description num: 112,24
3-1N-57W,160,0.79,126.4,Random Land Description num: 113,342
4-1N-57W,160,0.5,80,Random Land Description num: 114,906
5-1N-57W,160,0.84,134.4,Random Land Description num: 115,45
6-1N-57W,160,0.94,150.4,Random Land Description num: 116,962
7-1N-57W,160,0.89,142.4,Random Land Description num: 117,616
8-1N-57W,160,0.02,3.2,Random Land Description num: 118,270
9-1N-57W,160,0.8,128,Random Land Description num: 119,161
10-1N-57W,160,0.59,94.4,Random Land Description num: 120,268
11-1N-57W,160,0.16,25.6,Random Land Description num: 121,941
12-1N-57W,160,0.1,16,Random Land Description num: 122,326
13-1N-57W,160,0.6,96,Random Land Description num: 123,252
14-1N-57W,160,0.92,147.2,Random Land Description num: 124,27
15-1N-57W,160,0.2,32,Random Land Description num: 125,837
16-1N-57W,160,0.42,67.2,Random Land Description num: 126,184
17-1N-57W,160,0.27,43.2,Random Land Description num: 127,496
18-1N-57W,160,0.8,128,Random Land Description num: 128,613
19-1N-57W,160,0.91,145.6,Random Land Description num: 129,216
20-1N-57W,160,0.19,30.4,Random Land Description num: 130,461
21-1N-57W,160,0.14,22.4,Random Land Description num: 131,207
22-1N-57W,160,0.42,67.2,Random Land Description num: 132,595
23-1N-57W,160,0.68,108.8,Random Land Description num: 133,327
24-1N-57W,160,0.29,46.4,Random Land Description num: 134,762
25-1N-57W,160,0.54,86.4,Random Land Description num: 135,703
26-1N-57W,160,0.35,56,Random Land Description num: 136,624
27-1N-57W,160,0.97,155.2,Random Land Description num: 137,437
28-1N-57W,160,0.19,30.4,Random Land Description num: 138,606
29-1N-57W,160,0.4,64,Random Land Description num: 139,55
30-1N-57W,160,0.87,139.2,Random Land Description num: 140,340
31-1N-57W,160,0.45,72,Random Land Description num: 141,705
32-1N-57W,160,0.19,30.4,Random Land Description num: 142,432
33-1N-57W,160,0.31,49.6,Random Land Description num: 143,360
34-1N-57W,160,0.11,17.6,Random Land Description num: 144,899
35-1N-57W,160,0.97,155.2,Random Land Description num: 145,153
36-1N-57W,160,0.85,136,Random Land Description num: 146,466
1-2N-57W,160,0.97,155.2,Random Land Description num: 147,789
2-2N-57W,160,0.65,104,Random Land Description num: 148,364
3-2N-57W,160,0.33,52.8,Random Land Description num: 149,444
4-2N-57W,160,0.13,20.8,Random Land Description num: 150,328
5-2N-57W,160,0.13,20.8,Random Land Description num: 151,632
6-2N-57W,160,0.17,27.2,Random Land Description num: 152,924
7-2N-57W,160,0.03,4.8,Random Land Description num: 153,927
8-2N-57W,160,0.42,67.2,Random Land Description num: 154,577
9-2N-57W,160,0.99,158.4,Random Land Description num: 155,66
10-2N-57W,160,0.22,35.2,Random Land Description num: 156,468
11-2N-57W,160,0.03,4.8,Random Land Description num: 157,758
12-2N-57W,160,0.55,88,Random Land Description num: 158,211
13-2N-57W,160,0.33,52.8,Random Land Description num: 159,101
14-2N-57W,160,0.79,126.4,Random Land Description num: 160,697
15-2N-57W,160,0.52,83.2,Random Land Description num: 161,199
16-2N-57W,160,0.9,144,Random Land Description num: 162,820
17-2N-57W,160,0.39,62.4,Random Land Description num: 163,901
18-2N-57W,160,0.46,73.6,Random Land Description num: 164,37
19-2N-57W,160,0.76,121.6,Random Land Description num: 165,684
20-2N-57W,160,0.69,110.4,Random Land Description num: 166,514
21-2N-57W,160,0.96,153.6,Random Land Description num: 167,221
22-2N-57W,160,0.27,43.2,Random Land Description num: 168,308
23-2N-57W,160,0.33,52.8,Random Land Description num: 169,507
24-2N-57W,160,0.26,41.6,Random Land Description num: 170,52
25-2N-57W,160,0.88,140.8,Random Land Description num: 171,654
26-2N-57W,160,0.4,64,Random Land Description num: 172,666
27-2N-57W,160,0.55,88,Random Land Description num: 173,560
28-2N-57W,160,0.81,129.6,Random Land Description num: 174,97
29-2N-57W,160,0.03,4.8,Random Land Description num: 175,544
30-2N-57W,160,0.16,25.6,Random Land Description num: 176,574
31-2N-57W,160,0.48,76.8,Random Land Description num: 177,474
32-2N-57W,160,0.3,48,Random Land Description num: 178,311
33-2N-57W,160,0.26,41.6,Random Land Description num: 179,982
34-2N-57W,160,0.83,132.8,Random Land Description num: 180,790
35-2N-57W,160,0.99,158.4,Random Land Description num: 181,791
36-2N-57W,160,0.67,107.2,Random Land Description num: 182,54
1-3N-57W,160,0.3,48,Random Land Description num: 183,965
2-3N-57W,160,0.36,57.6,Random Land Description num: 184,660
3-3N-57W,160,0.26,41.6,Random Land Description num: 185,979
4-3N-57W,160,0.19,30.4,Random Land Description num: 186,813
5-3N-57W,160,0.1,16,Random Land Description num: 187,498
6-3N-57W,160,0.5,80,Random Land Description num: 188,943
7-3N-57W,160,0.86,137.6,Random Land Description num: 189,125
8-3N-57W,160,0.53,84.8,Random Land Description num: 190,499
9-3N-57W,160,0.12,19.2,Random Land Description num: 191,576
10-3N-57W,160,0.04,6.4,Random Land Description num: 192,392
11-3N-57W,160,0.29,46.4,Random Land Description num: 193,827
12-3N-57W,160,0.16,25.6,Random Land Description num: 194,401
13-3N-57W,160,0.11,17.6,Random Land Description num: 195,141
14-3N-57W,160,0.14,22.4,Random Land Description num: 196,781
15-3N-57W,160,0.95,152,Random Land Description num: 197,67
16-3N-57W,160,0.25,40,Random Land Description num: 198,24
17-3N-57W,160,0.48,76.8,Random Land Description num: 199,667
18-3N-57W,160,0.22,35.2,Random Land Description num: 200,195
19-3N-57W,160,0.38,60.8,Random Land Description num: 201,415
20-3N-57W,160,0.6,96,Random Land Description num: 202,664
21-3N-57W,160,1,160,Random Land Description num: 203,239
22-3N-57W,160,0.52,83.2,Random Land Description num: 204,966
23-3N-57W,160,0.17,27.2,Random Land Description num: 205,757
24-3N-57W,160,0.6,96,Random Land Description num: 206,326
25-3N-57W,160,0.17,27.2,Random Land Description num: 207,404
26-3N-57W,160,0.15,24,Random Land Description num: 208,473
27-3N-57W,160,0.67,107.2,Random Land Description num: 209,449
28-3N-57W,160,0.88,140.8,Random Land Description num: 210,882
29-3N-57W,160,0.98,156.8,Random Land Description num: 211,573
30-3N-57W,160,0.6,96,Random Land Description num: 212,830
31-3N-57W,160,0.68,108.8,Random Land Description num: 213,775
32-3N-57W,160,0.27,43.2,Random Land Description num: 214,917
33-3N-57W,160,0.76,121.6,Random Land Description num: 215,123
34-3N-57W,160,0.01,1.6,Random Land Description num: 216,319
35-3N-57W,160,0.07,11.2,Random Land Description num: 217,696
36-3N-57W,160,0.75,120,Random Land Description num: 218,374
1-3N-58W,160,0.16,25.6,Random Land Description num: 219,57
2-3N-58W,160,0.19,30.4,Random Land Description num: 220,200
3-3N-58W,160,0.11,17.6,Random Land Description num: 221,290
4-3N-58W,160,0.04,6.4,Random Land Description num: 222,134
5-3N-58W,160,0.16,25.6,Random Land Description num: 223,645
6-3N-58W,160,0.05,8,Random Land Description num: 224,998
7-3N-58W,160,0.8,128,Random Land Description num: 225,566
8-3N-58W,160,0.08,12.8,Random Land Description num: 226,371
9-3N-58W,160,0.88,140.8,Random Land Description num: 227,732
10-3N-58W,160,0.17,27.2,Random Land Description num: 228,275
11-3N-58W,160,0.67,107.2,Random Land Description num: 229,811
12-3N-58W,160,0.63,100.8,Random Land Description num: 230,989
13-3N-58W,160,0.73,116.8,Random Land Description num: 231,814
14-3N-58W,160,0.19,30.4,Random Land Description num: 232,420
15-3N-58W,160,0.42,67.2,Random Land Description num: 233,847
16-3N-58W,213,0.33,70.29,Random Land Description num: 234,18
17-3N-58W,213,0.64,136.32,Random Land Description num: 235,16
18-3N-58W,213,0.29,61.77,Random Land Description num: 236,355
19-3N-58W,213,0.34,72.42,Random Land Description num: 237,255
20-3N-58W,213,0.94,200.22,Random Land Description num: 238,765
21-3N-58W,213,0.44,93.72,Random Land Description num: 239,698
22-3N-58W,213,0.55,117.15,Random Land Description num: 240,525
23-3N-58W,213,0.02,4.26,Random Land Description num: 241,366
24-3N-58W,213,0.05,10.65,Random Land Description num: 242,325
25-3N-58W,213,0.26,55.38,Random Land Description num: 243,930
26-3N-58W,213,0.74,157.62,Random Land Description num: 244,503
27-3N-58W,213,0.25,53.25,Random Land Description num: 245,348
28-3N-58W,213,0.62,132.06,Random Land Description num: 246,495
29-3N-58W,213,0.89,189.57,Random Land Description num: 247,557
30-3N-58W,213,0.86,183.18,Random Land Description num: 248,888
31-3N-58W,213,0.31,66.03,Random Land Description num: 249,660
32-3N-58W,213,0.51,108.63,Random Land Description num: 250,800
33-3N-58W,213,0.25,53.25,Random Land Description num: 251,322
34-3N-58W,213,0.17,36.21,Random Land Description num: 252,239
35-3N-58W,213,0.4,85.2,Random Land Description num: 253,960
36-3N-58W,213,0.6,127.8,Random Land Description num: 254,67
1-4N-56W,213,0.93,198.09,Random Land Description num: 255,706
2-4N-56W,213,0.77,164.01,Random Land Description num: 256,484
3-4N-56W,213,0.56,119.28,Random Land Description num: 257,657
4-4N-56W,213,0.37,78.81,Random Land Description num: 258,228
5-4N-56W,213,0.17,36.21,Random Land Description num: 259,911
28-4N-56W,213,0.05,10.65,Random Land Description num: 260,64
29-4N-56W,213,0.52,110.76,Random Land Description num: 261,560
30-4N-56W,213,0.76,161.88,Random Land Description num: 262,804
31-4N-56W,213,0.8,170.4,Random Land Description num: 263,270
32-4N-56W,213,0.22,46.86,Random Land Description num: 264,166
33-4N-56W,213,0.61,129.93,Random Land Description num: 265,217
34-4N-56W,213,0.52,110.76,Random Land Description num: 266,10
35-4N-56W,213,0.73,155.49,Random Land Description num: 267,39
36-4N-56W,213,0.48,102.24,Random Land Description num: 268,790
1-4N-57W,213,0.89,189.57,Random Land Description num: 269,143
2-4N-57W,213,0.36,76.68,Random Land Description num: 270,54
3-4N-57W,213,0.22,46.86,Random Land Description num: 271,241
21-4N-57W,213,0.98,208.74,Random Land Description num: 272,990
22-4N-57W,213,0.42,89.46,Random Land Description num: 273,813
23-4N-57W,213,0.58,123.54,Random Land Description num: 274,851
24-4N-57W,213,0.06,12.78,Random Land Description num: 275,44
25-4N-57W,213,0.42,89.46,Random Land Description num: 276,288
26-4N-57W,213,0.72,153.36,Random Land Description num: 277,80
27-4N-57W,213,0.07,14.91,Random Land Description num: 278,394
21-1N-55W,17,0.31,5.27,Random Land Description num: 279,938
21-1N-55W,17,0.96,16.32,Random Land Description num: 280,830
21-1N-55W,17,0.13,2.21,Random Land Description num: 281,849
21-1N-55W,17,0.92,15.64,Random Land Description num: 282,898
21-1N-55W,17,0.59,10.03,Random Land Description num: 283,511
21-1N-55W,17,0.95,16.15,Random Land Description num: 284,77
21-1N-55W,17,0.09,1.53,Random Land Description num: 285,540
21-1N-55W,17,0.58,9.86,Random Land Description num: 286,231
21-1N-55W,17,0.79,13.43,Random Land Description num: 287,305
22-1N-55W,160,0.35,56,Random Land Description num: 288,552
23-1N-55W,160,0.66,105.6,Random Land Description num: 289,616
24-1N-55W,20,0.01,0.2,Random Land Description num: 290,25
24-1N-55W,20,0.02,0.4,Random Land Description num: 291,349
24-1N-55W,20,0.76,15.2,Random Land Description num: 292,717
24-1N-55W,20,1,20,Random Land Description num: 293,582
24-1N-55W,20,0.92,18.4,Random Land Description num: 294,990
24-1N-55W,20,0.8,16,Random Land Description num: 295,953
24-1N-55W,20,0.64,12.8,Random Land Description num: 296,260
24-1N-55W,20,0.31,6.2,Random Land Description num: 297,257
25-1N-55W,160,0.69,110.4,Random Land Description num: 298,358
26-1N-55W,160,0.94,150.4,Random Land Description num: 299,550
27-1N-55W,160,0.65,104,Random Land Description num: 300,447
28-1N-55W,160,0.4,64,Random Land Description num: 301,596
29-1N-55W,160,0.26,41.6,Random Land Description num: 302,739
30-1N-55W,160,0.31,49.6,Random Land Description num: 303,75
31-1N-55W,160,0.98,156.8,Random Land Description num: 304,651
32-1N-55W,160,0.88,140.8,Random Land Description num: 305,437
33-1N-55W,17,1,17,Random Land Description num: 306,901
33-1N-55W,17,0.06,1.02,Random Land Description num: 307,988
33-1N-55W,17,0.97,16.49,Random Land Description num: 308,363
33-1N-55W,17,0.08,1.36,Random Land Description num: 309,156
33-1N-55W,17,0.54,9.18,Random Land Description num: 310,978
33-1N-55W,17,0.98,16.66,Random Land Description num: 311,853
33-1N-55W,17,0.87,14.79,Random Land Description num: 312,62
33-1N-55W,17,0.54,9.18,Random Land Description num: 313,477
33-1N-55W,17,0.82,13.94,Random Land Description num: 314,15
34-1N-55W,160,0.21,33.6,Random Land Description num: 315,78
35-1N-55W,160,0.81,129.6,Random Land Description num: 316,691
36-1N-55W,160,0.28,44.8,Random Land Description num: 317,451
1-1N-56W,160,0.17,27.2,Random Land Description num: 318,607
2-1N-56W,160,0.85,136,Random Land Description num: 319,496
3-1N-56W,160,0.52,83.2,Random Land Description num: 320,250
4-1N-56W,80,0.93,74.4,Random Land Description num: 321,792
4-1N-56W,80,1,80,Random Land Description num: 322,150
5-1N-56W,160,0.43,68.8,Random Land Description num: 323,526
6-1N-56W,160,0.11,17.6,Random Land Description num: 324,276
7-1N-56W,160,0.79,126.4,Random Land Description num: 325,653
8-1N-56W,80,0.58,46.4,Random Land Description num: 326,797
8-1N-56W,80,0.49,39.2,Random Land Description num: 327,230
9-1N-56W,160,0.72,115.2,Random Land Description num: 328,814
10-1N-56W,80,0.76,60.8,Random Land Description num: 329,339
10-1N-56W,80,0.34,27.2,Random Land Description num: 330,215
11-1N-56W,160,0.75,120,Random Land Description num: 331,129
12-1N-56W,160,0.05,8,Random Land Description num: 332,97
13-1N-56W,160,0.19,30.4,Random Land Description num: 333,736
14-1N-56W,160,0.01,1.6,Random Land Description num: 334,885
15-1N-56W,40,0.97,38.8,Random Land Description num: 335,185
15-1N-56W,40,0.48,19.2,Random Land Description num: 336,964
15-1N-56W,40,0.98,39.2,Random Land Description num: 337,947
15-1N-56W,40,0.14,5.6,Random Land Description num: 338,130
16-1N-56W,160,0.4,64,Random Land Description num: 339,913
17-1N-56W,160,0.4,64,Random Land Description num: 340,793
18-1N-56W,160,0.67,107.2,Random Land Description num: 341,701
19-1N-56W,160,0.27,43.2,Random Land Description num: 342,21
20-1N-56W,160,0.78,124.8,Random Land Description num: 343,524
21-1N-56W,160,0.57,91.2,Random Land Description num: 344,80
22-1N-56W,160,0.22,35.2,Random Land Description num: 345,506
23-1N-56W,160,0.35,56,Random Land Description num: 346,41
24-1N-56W,160,0.65,104,Random Land Description num: 347,667
25-1N-56W,160,0.74,118.4,Random Land Description num: 348,363
26-1N-56W,160,0.16,25.6,Random Land Description num: 349,918
27-1N-56W,160,0.93,148.8,Random Land Description num: 350,779
28-1N-56W,160,0.65,104,Random Land Description num: 351,122
29-1N-56W,160,0.76,121.6,Random Land Description num: 352,177
30-1N-56W,160,0.59,94.4,Random Land Description num: 353,445
31-1N-56W,160,0.25,40,Random Land Description num: 354,216
32-1N-56W,160,0.28,44.8,Random Land Description num: 355,386
33-1N-56W,160,0.4,64,Random Land Description num: 356,380
34-1N-56W,160,0.85,136,Random Land Description num: 357,984
35-1N-56W,160,0.92,147.2,Random Land Description num: 358,122
36-1N-56W,160,0.89,142.4,Random Land Description num: 359,573
1-1N-57W,160,0.05,8,Random Land Description num: 360,664
2-1N-57W,160,0.69,110.4,Random Land Description num: 361,412
3-1N-57W,160,0.45,72,Random Land Description num: 362,647
4-1N-57W,160,0.77,123.2,Random Land Description num: 363,819
5-1N-57W,160,0.9,144,Random Land Description num: 364,355
6-1N-57W,160,0.13,20.8,Random Land Description num: 365,181
7-1N-57W,160,0.07,11.2,Random Land Description num: 366,383
8-1N-57W,160,0.97,155.2,Random Land Description num: 367,979
9-1N-57W,160,0.39,62.4,Random Land Description num: 368,124
10-1N-57W,160,0.97,155.2,Random Land Description num: 369,102
11-1N-57W,160,0.96,153.6,Random Land Description num: 370,433
12-1N-57W,160,0.95,152,Random Land Description num: 371,104
13-1N-57W,160,0.71,113.6,Random Land Description num: 372,476
14-1N-57W,160,0.3,48,Random Land Description num: 373,737
15-1N-57W,160,0.76,121.6,Random Land Description num: 374,312
16-1N-57W,160,0.7,112,Random Land Description num: 375,436
17-1N-57W,160,0.86,137.6,Random Land Description num: 376,994
18-1N-57W,160,0.77,123.2,Random Land Description num: 377,833
19-1N-57W,160,0.33,52.8,Random Land Description num: 378,759
20-1N-57W,160,0.7,112,Random Land Description num: 379,581
21-1N-57W,160,0.03,4.8,Random Land Description num: 380,309
22-1N-57W,160,0.05,8,Random Land Description num: 381,701
23-1N-57W,160,0.85,136,Random Land Description num: 382,360
24-1N-57W,160,0.36,57.6,Random Land Description num: 383,10
25-1N-57W,160,0.21,33.6,Random Land Description num: 384,881
26-1N-57W,160,0.13,20.8,Random Land Description num: 385,437
27-1N-57W,160,0.14,22.4,Random Land Description num: 386,201
28-1N-57W,160,0.64,102.4,Random Land Description num: 387,186
29-1N-57W,160,0.55,88,Random Land Description num: 388,375
30-1N-57W,160,0.99,158.4,Random Land Description num: 389,547
31-1N-57W,160,0.16,25.6,Random Land Description num: 390,505
32-1N-57W,160,0.98,156.8,Random Land Description num: 391,49
33-1N-57W,160,0.72,115.2,Random Land Description num: 392,89
34-1N-57W,160,0.35,56,Random Land Description num: 393,103
35-1N-57W,160,0.52,83.2,Random Land Description num: 394,205
36-1N-57W,160,0.43,68.8,Random Land Description num: 395,541
1-2N-57W,160,0.61,97.6,Random Land Description num: 396,324
2-2N-57W,160,0.76,121.6,Random Land Description num: 397,549
3-2N-57W,160,0.76,121.6,Random Land Description num: 398,663
4-2N-57W,160,0.38,60.8,Random Land Description num: 399,126
5-2N-57W,160,0.78,124.8,Random Land Description num: 400,841
6-2N-57W,160,0.32,51.2,Random Land Description num: 401,109
7-2N-57W,160,0.85,136,Random Land Description num: 402,228
8-2N-57W,160,0.09,14.4,Random Land Description num: 403,739
9-2N-57W,160,0.71,113.6,Random Land Description num: 404,8
10-2N-57W,160,0.52,83.2,Random Land Description num: 405,789
11-2N-57W,160,0.04,6.4,Random Land Description num: 406,669
12-2N-57W,160,0.52,83.2,Random Land Description num: 407,291
13-2N-57W,160,0.31,49.6,Random Land Description num: 408,836
14-2N-57W,160,0.91,145.6,Random Land Description num: 409,46
15-2N-57W,160,0.05,8,Random Land Description num: 410,710
16-2N-57W,160,0.54,86.4,Random Land Description num: 411,992
17-2N-57W,160,0.28,44.8,Random Land Description num: 412,92
18-2N-57W,160,0.1,16,Random Land Description num: 413,763
19-2N-57W,160,0.09,14.4,Random Land Description num: 414,541
20-2N-57W,160,0.8,128,Random Land Description num: 415,807
21-2N-57W,160,0.2,32,Random Land Description num: 416,401
22-2N-57W,160,1,160,Random Land Description num: 417,644
23-2N-57W,160,0.82,131.2,Random Land Description num: 418,719
24-2N-57W,160,0.11,17.6,Random Land Description num: 419,758
25-2N-57W,160,0.94,150.4,Random Land Description num: 420,709
26-2N-57W,160,0.24,38.4,Random Land Description num: 421,597
27-2N-57W,160,0.42,67.2,Random Land Description num: 422,953
28-2N-57W,160,0.33,52.8,Random Land Description num: 423,967
29-2N-57W,160,0.45,72,Random Land Description num: 424,844
30-2N-57W,160,0.53,84.8,Random Land Description num: 425,184
31-2N-57W,160,0.01,1.6,Random Land Description num: 426,488
32-2N-57W,160,0.23,36.8,Random Land Description num: 427,443
33-2N-57W,160,0.24,38.4,Random Land Description num: 428,662
34-2N-57W,160,0.63,100.8,Random Land Description num: 429,605
35-2N-57W,160,0.89,142.4,Random Land Description num: 430,229
36-2N-57W,160,0.06,9.6,Random Land Description num: 431,908
1-3N-57W,160,0.56,89.6,Random Land Description num: 432,156
2-3N-57W,160,0.21,33.6,Random Land Description num: 433,170
3-3N-57W,160,0.97,155.2,Random Land Description num: 434,161
4-3N-57W,160,0.76,121.6,Random Land Description num: 435,861
5-3N-57W,160,0.38,60.8,Random Land Description num: 436,513
6-3N-57W,160,0.41,65.6,Random Land Description num: 437,445
7-3N-57W,160,0.81,129.6,Random Land Description num: 438,63
8-3N-57W,160,0.73,116.8,Random Land Description num: 439,765
9-3N-57W,160,0.16,25.6,Random Land Description num: 440,352
10-3N-57W,160,0.63,100.8,Random Land Description num: 441,803
11-3N-57W,160,0.67,107.2,Random Land Description num: 442,643
12-3N-57W,160,0.07,11.2,Random Land Description num: 443,61
13-3N-57W,160,0.69,110.4,Random Land Description num: 444,139
14-3N-57W,160,0.87,139.2,Random Land Description num: 445,303
15-3N-57W,160,0.15,24,Random Land Description num: 446,235
16-3N-57W,160,0.64,102.4,Random Land Description num: 447,133
17-3N-57W,160,0.06,9.6,Random Land Description num: 448,842
18-3N-57W,160,0.81,129.6,Random Land Description num: 449,600
19-3N-57W,160,0.79,126.4,Random Land Description num: 450,584
20-3N-57W,160,0.38,60.8,Random Land Description num: 451,41
21-3N-57W,160,0.12,19.2,Random Land Description num: 452,133
22-3N-57W,160,0.37,59.2,Random Land Description num: 453,342
23-3N-57W,160,0.39,62.4,Random Land Description num: 454,483
24-3N-57W,160,0.24,38.4,Random Land Description num: 455,200
25-3N-57W,160,0.96,153.6,Random Land Description num: 456,928
26-3N-57W,160,0.47,75.2,Random Land Description num: 457,86
27-3N-57W,160,0.71,113.6,Random Land Description num: 458,925
28-3N-57W,160,0.86,137.6,Random Land Description num: 459,174
29-3N-57W,160,0.91,145.6,Random Land Description num: 460,52
30-3N-57W,160,0.6,96,Random Land Description num: 461,639
31-3N-57W,160,0.07,11.2,Random Land Description num: 462,966
32-3N-57W,160,0.17,27.2,Random Land Description num: 463,457
33-3N-57W,160,0.34,54.4,Random Land Description num: 464,77
34-3N-57W,160,0.03,4.8,Random Land Description num: 465,505
35-3N-57W,160,0.6,96,Random Land Description num: 466,383
36-3N-57W,160,0.83,132.8,Random Land Description num: 467,173
1-3N-58W,160,0.45,72,Random Land Description num: 468,651
2-3N-58W,160,0.69,110.4,Random Land Description num: 469,821
3-3N-58W,160,0.65,104,Random Land Description num: 470,982
4-3N-58W,160,0.78,124.8,Random Land Description num: 471,621
5-3N-58W,160,0.01,1.6,Random Land Description num: 472,521
6-3N-58W,160,0.04,6.4,Random Land Description num: 473,383
7-3N-58W,160,0.12,19.2,Random Land Description num: 474,279
8-3N-58W,160,0.13,20.8,Random Land Description num: 475,582
9-3N-58W,160,0.94,150.4,Random Land Description num: 476,383
10-3N-58W,160,0.88,140.8,Random Land Description num: 477,621
11-3N-58W,160,0.5,80,Random Land Description num: 478,787
12-3N-58W,160,0.93,148.8,Random Land Description num: 479,321
13-3N-58W,160,0.12,19.2,Random Land Description num: 480,678
14-3N-58W,160,0.95,152,Random Land Description num: 481,717
15-3N-58W,160,0.16,25.6,Random Land Description num: 482,805
16-3N-58W,213,0.67,142.71,Random Land Description num: 483,346
17-3N-58W,213,0.6,127.8,Random Land Description num: 484,914
18-3N-58W,213,0.95,202.35,Random Land Description num: 485,539
19-3N-58W,213,0.39,83.07,Random Land Description num: 486,909
20-3N-58W,213,0.51,108.63,Random Land Description num: 487,74
21-3N-58W,213,0.61,129.93,Random Land Description num: 488,54
22-3N-58W,213,0.83,176.79,Random Land Description num: 489,271
23-3N-58W,213,0.64,136.32,Random Land Description num: 490,720
24-3N-58W,213,0.32,68.16,Random Land Description num: 491,766
25-3N-58W,213,0.91,193.83,Random Land Description num: 492,884
26-3N-58W,213,0.44,93.72,Random Land Description num: 493,345
27-3N-58W,213,0.28,59.64,Random Land Description num: 494,297
28-3N-58W,213,0.91,193.83,Random Land Description num: 495,638
29-3N-58W,213,0.13,27.69,Random Land Description num: 496,657
30-3N-58W,213,0.43,91.59,Random Land Description num: 497,281
31-3N-58W,213,0.94,200.22,Random Land Description num: 498,519
32-3N-58W,213,0.06,12.78,Random Land Description num: 499,674
33-3N-58W,213,0.18,38.34,Random Land Description num: 500,573
34-3N-58W,213,1,213,Random Land Description num: 501,155
35-3N-58W,213,0.78,166.14,Random Land Description num: 502,644
36-3N-58W,213,0.04,8.52,Random Land Description num: 503,140
1-4N-56W,213,1,213,Random Land Description num: 504,828
2-4N-56W,213,0.65,138.45,Random Land Description num: 505,592
3-4N-56W,213,0.52,110.76,Random Land Description num: 506,18
4-4N-56W,213,0.58,123.54,Random Land Description num: 507,661
5-4N-56W,213,0.73,155.49,Random Land Description num: 508,593
28-4N-56W,213,0.14,29.82,Random Land Description num: 509,307
29-4N-56W,213,0.96,204.48,Random Land Description num: 510,709
30-4N-56W,213,0.48,102.24,Random Land Description num: 511,124
31-4N-56W,213,0.8,170.4,Random Land Description num: 512,874
32-4N-56W,213,0.4,85.2,Random Land Description num: 513,820
33-4N-56W,213,0.88,187.44,Random Land Description num: 514,749
34-4N-56W,213,0.27,57.51,Random Land Description num: 515,256
35-4N-56W,213,0.45,95.85,Random Land Description num: 516,834
36-4N-56W,213,0.82,174.66,Random Land Description num: 517,953
1-4N-57W,213,0.45,95.85,Random Land Description num: 518,473
2-4N-57W,213,0.91,193.83,Random Land Description num: 519,81
3-4N-57W,213,0.35,74.55,Random Land Description num: 520,781
21-4N-57W,213,0.4,85.2,Random Land Description num: 521,702
22-4N-57W,213,0.13,27.69,Random Land Description num: 522,301
23-4N-57W,213,0.65,138.45,Random Land Description num: 523,426
24-4N-57W,213,0.45,95.85,Random Land Description num: 524,37
25-4N-57W,213,0.73,155.49,Random Land Description num: 525,256
26-4N-57W,213,0.15,31.95,Random Land Description num: 526,805
27-4N-57W,213,0.71,151.23,Random Land Description num: 527,63
1-1N-55W,106,0.98,103.88,Random Land Description num: 528,250
1-1N-55W,106,0.95,100.7,Random Land Description num: 529,837
1-1N-55W,106,0.46,48.76,Random Land Description num: 530,906
2-1N-55W,320,0.42,134.4,Random Land Description num: 531,142
3-1N-55W,80,0.3,24,Random Land Description num: 532,170
3-1N-55W,80,0.52,41.6,Random Land Description num: 533,334
3-1N-55W,80,0.88,70.4,Random Land Description num: 534,870
3-1N-55W,80,0.08,6.4,Random Land Description num: 535,500
4-1N-55W,320,0.26,83.2,Random Land Description num: 536,729
5-1N-55W,320,0.69,220.8,Random Land Description num: 537,345
6-1N-55W,320,0.69,220.8,Random Land Description num: 538,419
7-1N-55W,320,0.08,25.6,Random Land Description num: 539,836
8-1N-55W,320,0.97,310.4,Random Land Description num: 540,69
9-1N-55W,320,0.4,128,Random Land Description num: 541,356
10-1N-55W,320,0.22,70.4,Random Land Description num: 542,261
11-1N-55W,320,0.77,246.4,Random Land Description num: 543,373
12-1N-55W,64,0.93,59.52,Random Land Description num: 544,975
12-1N-55W,64,0.95,60.8,Random Land Description num: 545,463
12-1N-55W,64,0.68,43.52,Random Land Description num: 546,50
12-1N-55W,64,0.38,24.32,Random Land Description num: 547,661
12-1N-55W,64,0.28,17.92,Random Land Description num: 548,168
13-1N-55W,320,0.8,256,Random Land Description num: 549,949
14-1N-55W,320,0.38,121.6,Random Land Description num: 550,792
15-1N-55W,320,0.37,118.4,Random Land Description num: 551,241
16-1N-55W,320,0.75,240,Random Land Description num: 552,638
17-1N-55W,320,0.71,227.2,Random Land Description num: 553,971
18-1N-55W,320,0.66,211.2,Random Land Description num: 554,605
19-1N-55W,320,0.6,192,Random Land Description num: 555,962
20-1N-55W,320,0.69,220.8,Random Land Description num: 556,647
21-1N-55W,17,0.2,3.4,Random Land Description num: 557,273
21-1N-55W,17,0.98,16.66,Random Land Description num: 558,674
21-1N-55W,17,0.12,2.04,Random Land Description num: 559,430
21-1N-55W,17,0.91,15.47,Random Land Description num: 560,897
21-1N-55W,17,0.38,6.46,Random Land Description num: 561,145
21-1N-55W,17,0.92,15.64,Random Land Description num: 562,863
21-1N-55W,17,0.64,10.88,Random Land Description num: 563,319
21-1N-55W,17,0.22,3.74,Random Land Description num: 564,822
21-1N-55W,17,0.46,7.82,Random Land Description num: 565,838
22-1N-55W,160,0.72,115.2,Random Land Description num: 566,666
23-1N-55W,160,0.14,22.4,Random Land Description num: 567,383
24-1N-55W,20,0.24,4.8,Random Land Description num: 568,220
24-1N-55W,20,0.35,7,Random Land Description num: 569,515
24-1N-55W,20,0.24,4.8,Random Land Description num: 570,688
24-1N-55W,20,0.6,12,Random Land Description num: 571,50
24-1N-55W,20,0.15,3,Random Land Description num: 572,859
24-1N-55W,20,0.73,14.6,Random Land Description num: 573,902
24-1N-55W,20,0.21,4.2,Random Land Description num: 574,731
24-1N-55W,20,0.46,9.2,Random Land Description num: 575,473
25-1N-55W,160,0.05,8,Random Land Description num: 576,888
26-1N-55W,160,0.67,107.2,Random Land Description num: 577,91
27-1N-55W,160,0.07,11.2,Random Land Description num: 578,70
28-1N-55W,160,0.83,132.8,Random Land Description num: 579,555
29-1N-55W,160,0.14,22.4,Random Land Description num: 580,655
30-1N-55W,160,0.49,78.4,Random Land Description num: 581,787
31-1N-55W,160,0.02,3.2,Random Land Description num: 582,800
32-1N-55W,160,0.72,115.2,Random Land Description num: 583,253
33-1N-55W,17,0.61,10.37,Random Land Description num: 584,883
33-1N-55W,17,0.71,12.07,Random Land Description num: 585,925
33-1N-55W,17,0.39,6.63,Random Land Description num: 586,919
33-1N-55W,17,0.34,5.78,Random Land Description num: 587,541
33-1N-55W,17,0.98,16.66,Random Land Description num: 588,117
33-1N-55W,17,0.69,11.73,Random Land Description num: 589,903
33-1N-55W,17,0.15,2.55,Random Land Description num: 590,506
33-1N-55W,17,0.3,5.1,Random Land Description num: 591,29
33-1N-55W,17,0.33,5.61,Random Land Description num: 592,106
34-1N-55W,160,0.38,60.8,Random Land Description num: 593,184
35-1N-55W,160,0.18,28.8,Random Land Description num: 594,291
36-1N-55W,160,0.32,51.2,Random Land Description num: 595,28
1-1N-56W,160,0.06,9.6,Random Land Description num: 596,781
2-1N-56W,160,0.02,3.2,Random Land Description num: 597,497
3-1N-56W,160,0.39,62.4,Random Land Description num: 598,287
4-1N-56W,80,0.56,44.8,Random Land Description num: 599,44
4-1N-56W,80,0.8,64,Random Land Description num: 600,153
5-1N-56W,160,0.99,158.4,Random Land Description num: 601,583
6-1N-56W,160,0.89,142.4,Random Land Description num: 602,973
7-1N-56W,160,0.18,28.8,Random Land Description num: 603,930
8-1N-56W,80,0.49,39.2,Random Land Description num: 604,745
8-1N-56W,80,0.35,28,Random Land Description num: 605,251
9-1N-56W,160,0.4,64,Random Land Description num: 606,600
10-1N-56W,80,0.5,40,Random Land Description num: 607,958
10-1N-56W,80,0.74,59.2,Random Land Description num: 608,889
11-1N-56W,160,0.28,44.8,Random Land Description num: 609,780
12-1N-56W,160,0.46,73.6,Random Land Description num: 610,732
13-1N-56W,160,0.11,17.6,Random Land Description num: 611,124
14-1N-56W,160,1,160,Random Land Description num: 612,42
15-1N-56W,40,0.37,14.8,Random Land Description num: 613,491
15-1N-56W,40,0.96,38.4,Random Land Description num: 614,872
15-1N-56W,40,0.46,18.4,Random Land Description num: 615,956
15-1N-56W,40,0.85,34,Random Land Description num: 616,233
16-1N-56W,160,0.89,142.4,Random Land Description num: 617,584
17-1N-56W,160,0.82,131.2,Random Land Description num: 618,954
18-1N-56W,160,0.54,86.4,Random Land Description num: 619,827
19-1N-56W,160,0.25,40,Random Land Description num: 620,507
20-1N-56W,160,0.51,81.6,Random Land Description num: 621,466
21-1N-56W,160,0.95,152,Random Land Description num: 622,714
22-1N-56W,160,0.33,52.8,Random Land Description num: 623,67
23-1N-56W,160,0.74,118.4,Random Land Description num: 624,546
24-1N-56W,160,0.92,147.2,Random Land Description num: 625,821
25-1N-56W,160,0.9,144,Random Land Description num: 626,16
26-1N-56W,160,0.06,9.6,Random Land Description num: 627,734
27-1N-56W,160,0.54,86.4,Random Land Description num: 628,278
28-1N-56W,160,0.83,132.8,Random Land Description num: 629,570
29-1N-56W,160,0.73,116.8,Random Land Description num: 630,360
30-1N-56W,160,0.12,19.2,Random Land Description num: 631,433
31-1N-56W,160,0.81,129.6,Random Land Description num: 632,99
32-1N-56W,160,1,160,Random Land Description num: 633,94
33-1N-56W,160,0.7,112,Random Land Description num: 634,716
34-1N-56W,160,0.93,148.8,Random Land Description num: 635,884
35-1N-56W,160,0.6,96,Random Land Description num: 636,12
36-1N-56W,160,0.84,134.4,Random Land Description num: 637,20
1-1N-57W,160,0.33,52.8,Random Land Description num: 638,599
2-1N-57W,160,0.2,32,Random Land Description num: 639,992
3-1N-57W,160,0.96,153.6,Random Land Description num: 640,901
4-1N-57W,160,0.51,81.6,Random Land Description num: 641,795
5-1N-57W,160,0.44,70.4,Random Land Description num: 642,78
6-1N-57W,160,0.55,88,Random Land Description num: 643,996
7-1N-57W,160,0.04,6.4,Random Land Description num: 644,658
8-1N-57W,160,0.39,62.4,Random Land Description num: 645,819
9-1N-57W,160,0.19,30.4,Random Land Description num: 646,575
10-1N-57W,160,0.54,86.4,Random Land Description num: 647,477
11-1N-57W,160,0.39,62.4,Random Land Description num: 648,342
12-1N-57W,160,0.45,72,Random Land Description num: 649,66
13-1N-57W,160,0.89,142.4,Random Land Description num: 650,134
14-1N-57W,160,0.6,96,Random Land Description num: 651,511
15-1N-57W,160,0.09,14.4,Random Land Description num: 652,542
16-1N-57W,160,0.21,33.6,Random Land Description num: 653,359
17-1N-57W,160,0.89,142.4,Random Land Description num: 654,293
18-1N-57W,160,0.1,16,Random Land Description num: 655,623
19-1N-57W,160,0.05,8,Random Land Description num: 656,390
20-1N-57W,160,0.23,36.8,Random Land Description num: 657,533
21-1N-57W,160,0.43,68.8,Random Land Description num: 658,868
22-1N-57W,160,0.48,76.8,Random Land Description num: 659,648
23-1N-57W,160,0.37,59.2,Random Land Description num: 660,110
24-1N-57W,160,0.87,139.2,Random Land Description num: 661,83
25-1N-57W,160,0.86,137.6,Random Land Description num: 662,120
26-1N-57W,160,0.1,16,Random Land Description num: 663,818
27-1N-57W,160,0.11,17.6,Random Land Description num: 664,322
28-1N-57W,160,0.91,145.6,Random Land Description num: 665,368
29-1N-57W,160,0.99,158.4,Random Land Description num: 666,239
30-1N-57W,160,0.89,142.4,Random Land Description num: 667,392
31-1N-57W,160,0.89,142.4,Random Land Description num: 668,487
32-1N-57W,160,0.61,97.6,Random Land Description num: 669,385
33-1N-57W,160,0.65,104,Random Land Description num: 670,749
34-1N-57W,160,0.71,113.6,Random Land Description num: 671,192
35-1N-57W,160,0.95,152,Random Land Description num: 672,191
36-1N-57W,160,0.63,100.8,Random Land Description num: 673,157
1-2N-57W,160,0.87,139.2,Random Land Description num: 674,472
2-2N-57W,160,0.33,52.8,Random Land Description num: 675,198
3-2N-57W,160,0.66,105.6,Random Land Description num: 676,402
4-2N-57W,160,0.86,137.6,Random Land Description num: 677,332
5-2N-57W,160,0.18,28.8,Random Land Description num: 678,388
6-2N-57W,160,0.5,80,Random Land Description num: 679,248
7-2N-57W,160,0.56,89.6,Random Land Description num: 680,553
8-2N-57W,160,0.15,24,Random Land Description num: 681,197
9-2N-57W,160,0.49,78.4,Random Land Description num: 682,378
10-2N-57W,160,0.78,124.8,Random Land Description num: 683,946
11-2N-57W,160,0.94,150.4,Random Land Description num: 684,4
12-2N-57W,160,0.03,4.8,Random Land Description num: 685,565
13-2N-57W,160,0.93,148.8,Random Land Description num: 686,435
14-2N-57W,160,0.44,70.4,Random Land Description num: 687,623
15-2N-57W,160,0.37,59.2,Random Land Description num: 688,3
16-2N-57W,160,0.08,12.8,Random Land Description num: 689,513
17-2N-57W,160,0.8,128,Random Land Description num: 690,221
18-2N-57W,160,0.85,136,Random Land Description num: 691,836
19-2N-57W,160,0.83,132.8,Random Land Description num: 692,730
20-2N-57W,160,0.4,64,Random Land Description num: 693,17
21-2N-57W,160,0.19,30.4,Random Land Description num: 694,942
22-2N-57W,160,0.71,113.6,Random Land Description num: 695,947
23-2N-57W,160,0.87,139.2,Random Land Description num: 696,945
24-2N-57W,160,0.34,54.4,Random Land Description num: 697,694
25-2N-57W,160,0.8,128,Random Land Description num: 698,615
26-2N-57W,160,0.75,120,Random Land Description num: 699,178
27-2N-57W,160,0.76,121.6,Random Land Description num: 700,680
28-2N-57W,160,0.68,108.8,Random Land Description num: 701,306
29-2N-57W,160,0.12,19.2,Random Land Description num: 702,37
30-2N-57W,160,0.19,30.4,Random Land Description num: 703,54
31-2N-57W,160,0.27,43.2,Random Land Description num: 704,540
32-2N-57W,160,0.47,75.2,Random Land Description num: 705,517
33-2N-57W,160,0.06,9.6,Random Land Description num: 706,210
34-2N-57W,160,0.47,75.2,Random Land Description num: 707,86
35-2N-57W,160,0.55,88,Random Land Description num: 708,509
36-2N-57W,160,0.85,136,Random Land Description num: 709,233
1-3N-57W,160,0.61,97.6,Random Land Description num: 710,231
2-3N-57W,160,0.43,68.8,Random Land Description num: 711,736
3-3N-57W,160,0.35,56,Random Land Description num: 712,568
4-3N-57W,160,0.79,126.4,Random Land Description num: 713,267
5-3N-57W,160,0.86,137.6,Random Land Description num: 714,579
6-3N-57W,160,0.42,67.2,Random Land Description num: 715,907
7-3N-57W,160,0.77,123.2,Random Land Description num: 716,872
8-3N-57W,160,0.51,81.6,Random Land Description num: 717,717
9-3N-57W,160,0.3,48,Random Land Description num: 718,714
10-3N-57W,160,0.99,158.4,Random Land Description num: 719,929
11-3N-57W,160,0.26,41.6,Random Land Description num: 720,403
12-3N-57W,160,0.15,24,Random Land Description num: 721,178
13-3N-57W,160,0.77,123.2,Random Land Description num: 722,293
14-3N-57W,160,0.3,48,Random Land Description num: 723,296
15-3N-57W,160,0.61,97.6,Random Land Description num: 724,764
16-3N-57W,160,0.12,19.2,Random Land Description num: 725,689
17-3N-57W,160,0.11,17.6,Random Land Description num: 726,58
18-3N-57W,160,0.59,94.4,Random Land Description num: 727,504
19-3N-57W,160,0.17,27.2,Random Land Description num: 728,294
20-3N-57W,160,0.11,17.6,Random Land Description num: 729,391
21-3N-57W,160,0.46,73.6,Random Land Description num: 730,979
22-3N-57W,160,0.17,27.2,Random Land Description num: 731,423
23-3N-57W,160,0.4,64,Random Land Description num: 732,881
24-3N-57W,160,0.26,41.6,Random Land Description num: 733,777
25-3N-57W,160,0.98,156.8,Random Land Description num: 734,622
26-3N-57W,160,0.04,6.4,Random Land Description num: 735,537
27-3N-57W,160,0.48,76.8,Random Land Description num: 736,673
28-3N-57W,160,0.95,152,Random Land Description num: 737,290
29-3N-57W,160,0.11,17.6,Random Land Description num: 738,707
30-3N-57W,160,0.12,19.2,Random Land Description num: 739,839
31-3N-57W,160,0.12,19.2,Random Land Description num: 740,51
32-3N-57W,160,0.59,94.4,Random Land Description num: 741,170
33-3N-57W,160,0.3,48,Random Land Description num: 742,215
34-3N-57W,160,0.47,75.2,Random Land Description num: 743,149
35-3N-57W,160,0.02,3.2,Random Land Description num: 744,946
36-3N-57W,160,0.2,32,Random Land Description num: 745,913
1-3N-58W,160,0.5,80,Random Land Description num: 746,428
2-3N-58W,160,0.25,40,Random Land Description num: 747,822
3-3N-58W,160,0.01,1.6,Random Land Description num: 748,631
4-3N-58W,160,0.07,11.2,Random Land Description num: 749,587
5-3N-58W,160,0.75,120,Random Land Description num: 750,784
6-3N-58W,160,0.28,44.8,Random Land Description num: 751,978
7-3N-58W,160,0.18,28.8,Random Land Description num: 752,376
8-3N-58W,160,0.35,56,Random Land Description num: 753,106
9-3N-58W,160,0.02,3.2,Random Land Description num: 754,586
10-3N-58W,160,0.16,25.6,Random Land Description num: 755,331
11-3N-58W,160,0.78,124.8,Random Land Description num: 756,382
12-3N-58W,160,0.13,20.8,Random Land Description num: 757,664
13-3N-58W,160,0.71,113.6,Random Land Description num: 758,867
14-3N-58W,160,0.5,80,Random Land Description num: 759,269
15-3N-58W,160,0.26,41.6,Random Land Description num: 760,198
16-3N-58W,213,0.53,112.89,Random Land Description num: 761,446
17-3N-58W,213,0.49,104.37,Random Land Description num: 762,983
18-3N-58W,213,0.5,106.5,Random Land Description num: 763,414
19-3N-58W,213,0.93,198.09,Random Land Description num: 764,582
20-3N-58W,213,0.75,159.75,Random Land Description num: 765,852
21-3N-58W,213,0.17,36.21,Random Land Description num: 766,679
22-3N-58W,213,0.26,55.38,Random Land Description num: 767,817
23-3N-58W,213,0.95,202.35,Random Land Description num: 768,808
24-3N-58W,213,0.11,23.43,Random Land Description num: 769,819
25-3N-58W,213,0.35,74.55,Random Land Description num: 770,303
26-3N-58W,213,0.59,125.67,Random Land Description num: 771,150
27-3N-58W,213,0.37,78.81,Random Land Description num: 772,973
28-3N-58W,213,0.01,2.13,Random Land Description num: 773,703
29-3N-58W,213,0.46,97.98,Random Land Description num: 774,946
30-3N-58W,213,0.74,157.62,Random Land Description num: 775,86
31-3N-58W,213,0.3,63.9,Random Land Description num: 776,291
32-3N-58W,213,0.32,68.16,Random Land Description num: 777,184
33-3N-58W,213,0.56,119.28,Random Land Description num: 778,203
34-3N-58W,213,0.57,121.41,Random Land Description num: 779,618
35-3N-58W,213,0.45,95.85,Random Land Description num: 780,58
36-3N-58W,213,0.82,174.66,Random Land Description num: 781,284
1-4N-56W,213,0.04,8.52,Random Land Description num: 782,484
2-4N-56W,213,0.79,168.27,Random Land Description num: 783,233
3-4N-56W,213,0.68,144.84,Random Land Description num: 784,743
4-4N-56W,213,0.51,108.63,Random Land Description num: 785,701
5-4N-56W,213,0.11,23.43,Random Land Description num: 786,182
28-4N-56W,213,0.84,178.92,Random Land Description num: 787,439
29-4N-56W,213,0.53,112.89,Random Land Description num: 788,584
30-4N-56W,213,0.41,87.33,Random Land Description num: 789,851
31-4N-56W,213,0.58,123.54,Random Land Description num: 790,15
32-4N-56W,213,0.03,6.39,Random Land Description num: 791,869
33-4N-56W,213,0.48,102.24,Random Land Description num: 792,326
34-4N-56W,213,0.04,8.52,Random Land Description num: 793,222
35-4N-56W,213,0.11,23.43,Random Land Description num: 794,55
36-4N-56W,213,0.73,155.49,Random Land Description num: 795,339
1-4N-57W,213,0.37,78.81,Random Land Description num: 796,112
2-4N-57W,213,0.78,166.14,Random Land Description num: 797,324
3-4N-57W,213,0.47,100.11,Random Land Description num: 798,307
21-4N-57W,213,0.87,185.31,Random Land Description num: 799,171
22-4N-57W,213,0.09,19.17,Random Land Description num: 800,129
23-4N-57W,213,0.03,6.39,Random Land Description num: 801,453
24-4N-57W,213,0.39,83.07,Random Land Description num: 802,959
25-4N-57W,213,0.39,83.07,Random Land Description num: 803,337
26-4N-57W,213,0.45,95.85,Random Land Description num: 804,709
27-4N-57W,213,0.26,55.38,Random Land Description num: 805,28
21-1N-55W,17,0.87,14.79,Random Land Description num: 806,92
21-1N-55W,17,0.13,2.21,Random Land Description num: 807,780
21-1N-55W,17,0.48,8.16,Random Land Description num: 808,187
21-1N-55W,17,0.41,6.97,Random Land Description num: 809,776
21-1N-55W,17,0.49,8.33,Random Land Description num: 810,864
21-1N-55W,17,1,17,Random Land Description num: 811,79
21-1N-55W,17,0.83,14.11,Random Land Description num: 812,611
21-1N-55W,17,0.56,9.52,Random Land Description num: 813,320
21-1N-55W,17,0.51,8.67,Random Land Description num: 814,353
22-1N-55W,160,0.51,81.6,Random Land Description num: 815,739
23-1N-55W,160,0.06,9.6,Random Land Description num: 816,989
24-1N-55W,20,0.06,1.2,Random Land Description num: 817,818
24-1N-55W,20,0.13,2.6,Random Land Description num: 818,115
24-1N-55W,20,0.18,3.6,Random Land Description num: 819,201
24-1N-55W,20,0.2,4,Random Land Description num: 820,338
24-1N-55W,20,0.57,11.4,Random Land Description num: 821,61
24-1N-55W,20,0.79,15.8,Random Land Description num: 822,733
24-1N-55W,20,0.71,14.2,Random Land Description num: 823,238
24-1N-55W,20,0.57,11.4,Random Land Description num: 824,604
25-1N-55W,160,0.34,54.4,Random Land Description num: 825,362
26-1N-55W,160,0.13,20.8,Random Land Description num: 826,266
27-1N-55W,160,0.72,115.2,Random Land Description num: 827,950
28-1N-55W,160,0.64,102.4,Random Land Description num: 828,425
29-1N-55W,160,0.52,83.2,Random Land Description num: 829,353
30-1N-55W,160,0.96,153.6,Random Land Description num: 830,762
31-1N-55W,160,0.19,30.4,Random Land Description num: 831,505
32-1N-55W,160,0.71,113.6,Random Land Description num: 832,229
33-1N-55W,17,0.74,12.58,Random Land Description num: 833,1
33-1N-55W,17,0.22,3.74,Random Land Description num: 834,332
33-1N-55W,17,0.13,2.21,Random Land Description num: 835,595
33-1N-55W,17,0.66,11.22,Random Land Description num: 836,824
33-1N-55W,17,0.28,4.76,Random Land Description num: 837,815
33-1N-55W,17,0.69,11.73,Random Land Description num: 838,405
33-1N-55W,17,0.82,13.94,Random Land Description num: 839,451
33-1N-55W,17,0.49,8.33,Random Land Description num: 840,39
33-1N-55W,17,0.38,6.46,Random Land Description num: 841,263
34-1N-55W,160,0.78,124.8,Random Land Description num: 842,437
35-1N-55W,160,0.25,40,Random Land Description num: 843,575
36-1N-55W,160,0.79,126.4,Random Land Description num: 844,799
1-1N-56W,160,0.07,11.2,Random Land Description num: 845,23
2-1N-56W,160,0.66,105.6,Random Land Description num: 846,918
3-1N-56W,160,0.63,100.8,Random Land Description num: 847,531
4-1N-56W,80,0.06,4.8,Random Land Description num: 848,979
4-1N-56W,80,0.59,47.2,Random Land Description num: 849,284
5-1N-56W,160,0.51,81.6,Random Land Description num: 850,878
6-1N-56W,160,0.53,84.8,Random Land Description num: 851,677
7-1N-56W,160,0.41,65.6,Random Land Description num: 852,817
8-1N-56W,80,0.89,71.2,Random Land Description num: 853,804
8-1N-56W,80,0.62,49.6,Random Land Description num: 854,176
9-1N-56W,160,0.34,54.4,Random Land Description num: 855,817
10-1N-56W,80,0.71,56.8,Random Land Description num: 856,815
10-1N-56W,80,0.36,28.8,Random Land Description num: 857,956
11-1N-56W,160,0.16,25.6,Random Land Description num: 858,754
12-1N-56W,160,0.47,75.2,Random Land Description num: 859,543
13-1N-56W,160,0.33,52.8,Random Land Description num: 860,76
14-1N-56W,160,0.52,83.2,Random Land Description num: 861,808
15-1N-56W,40,0.84,33.6,Random Land Description num: 862,871
15-1N-56W,40,0.05,2,Random Land Description num: 863,251
15-1N-56W,40,0.05,2,Random Land Description num: 864,524
15-1N-56W,40,0.68,27.2,Random Land Description num: 865,60
16-1N-56W,160,0.95,152,Random Land Description num: 866,872
17-1N-56W,160,0.51,81.6,Random Land Description num: 867,165
18-1N-56W,160,0.86,137.6,Random Land Description num: 868,372
19-1N-56W,160,0.48,76.8,Random Land Description num: 869,391
20-1N-56W,160,0.46,73.6,Random Land Description num: 870,892
21-1N-56W,160,0.85,136,Random Land Description num: 871,610
22-1N-56W,160,0.26,41.6,Random Land Description num: 872,448
23-1N-56W,160,0.14,22.4,Random Land Description num: 873,118
24-1N-56W,160,0.81,129.6,Random Land Description num: 874,915
25-1N-56W,160,0.28,44.8,Random Land Description num: 875,390
26-1N-56W,160,0.4,64,Random Land Description num: 876,942
27-1N-56W,160,0.7,112,Random Land Description num: 877,988
28-1N-56W,160,0.15,24,Random Land Description num: 878,102
29-1N-56W,160,0.24,38.4,Random Land Description num: 879,808
30-1N-56W,160,0.11,17.6,Random Land Description num: 880,706
31-1N-56W,160,0.84,134.4,Random Land Description num: 881,605
32-1N-56W,160,0.64,102.4,Random Land Description num: 882,581
33-1N-56W,160,0.5,80,Random Land Description num: 883,739
34-1N-56W,160,0.88,140.8,Random Land Description num: 884,289
35-1N-56W,160,0.58,92.8,Random Land Description num: 885,971
36-1N-56W,160,0.2,32,Random Land Description num: 886,285
1-1N-57W,160,0.22,35.2,Random Land Description num: 887,463
2-1N-57W,160,0.18,28.8,Random Land Description num: 888,725
3-1N-57W,160,0.69,110.4,Random Land Description num: 889,543
4-1N-57W,160,0.98,156.8,Random Land Description num: 890,701
5-1N-57W,160,0.27,43.2,Random Land Description num: 891,896
6-1N-57W,160,0.47,75.2,Random Land Description num: 892,846
7-1N-57W,160,0.28,44.8,Random Land Description num: 893,470
8-1N-57W,160,0.59,94.4,Random Land Description num: 894,618
9-1N-57W,160,0.81,129.6,Random Land Description num: 895,725
10-1N-57W,160,0.69,110.4,Random Land Description num: 896,741
11-1N-57W,160,0.72,115.2,Random Land Description num: 897,929
12-1N-57W,160,0.08,12.8,Random Land Description num: 898,427
13-1N-57W,160,0.22,35.2,Random Land Description num: 899,439
14-1N-57W,160,0.8,128,Random Land Description num: 900,32
15-1N-57W,160,0.14,22.4,Random Land Description num: 901,684
16-1N-57W,160,0.21,33.6,Random Land Description num: 902,851
17-1N-57W,160,0.43,68.8,Random Land Description num: 903,143
18-1N-57W,160,0.32,51.2,Random Land Description num: 904,12
19-1N-57W,160,0.14,22.4,Random Land Description num: 905,185
20-1N-57W,160,0.62,99.2,Random Land Description num: 906,44
21-1N-57W,160,0.76,121.6,Random Land Description num: 907,344
22-1N-57W,160,1,160,Random Land Description num: 908,855
23-1N-57W,160,0.24,38.4,Random Land Description num: 909,57
24-1N-57W,160,0.5,80,Random Land Description num: 910,442
25-1N-57W,160,0.17,27.2,Random Land Description num: 911,540
26-1N-57W,160,0.48,76.8,Random Land Description num: 912,384
27-1N-57W,160,0.31,49.6,Random Land Description num: 913,220
28-1N-57W,160,0.22,35.2,Random Land Description num: 914,98
29-1N-57W,160,0.79,126.4,Random Land Description num: 915,905
30-1N-57W,160,0.57,91.2,Random Land Description num: 916,289
31-1N-57W,160,0.69,110.4,Random Land Description num: 917,735
32-1N-57W,160,0.49,78.4,Random Land Description num: 918,447
33-1N-57W,160,0.59,94.4,Random Land Description num: 919,948
34-1N-57W,160,0.4,64,Random Land Description num: 920,572
35-1N-57W,160,0.88,140.8,Random Land Description num: 921,984
36-1N-57W,160,0.62,99.2,Random Land Description num: 922,374
1-2N-57W,160,0.88,140.8,Random Land Description num: 923,897
2-2N-57W,160,0.92,147.2,Random Land Description num: 924,885
3-2N-57W,160,0.52,83.2,Random Land Description num: 925,32
4-2N-57W,160,0.37,59.2,Random Land Description num: 926,492
5-2N-57W,160,0.59,94.4,Random Land Description num: 927,909
6-2N-57W,160,0.46,73.6,Random Land Description num: 928,405
7-2N-57W,160,0.51,81.6,Random Land Description num: 929,263
8-2N-57W,160,0.69,110.4,Random Land Description num: 930,843
9-2N-57W,160,0.82,131.2,Random Land Description num: 931,944
10-2N-57W,160,0.79,126.4,Random Land Description num: 932,399
11-2N-57W,160,0.69,110.4,Random Land Description num: 933,844
12-2N-57W,160,0.4,64,Random Land Description num: 934,131
13-2N-57W,160,0.83,132.8,Random Land Description num: 935,563
14-2N-57W,160,0.2,32,Random Land Description num: 936,201
15-2N-57W,160,0.88,140.8,Random Land Description num: 937,698
16-2N-57W,160,0.02,3.2,Random Land Description num: 938,141
17-2N-57W,160,0.85,136,Random Land Description num: 939,276
18-2N-57W,160,0.86,137.6,Random Land Description num: 940,864
19-2N-57W,160,0.04,6.4,Random Land Description num: 941,723
20-2N-57W,160,0.16,25.6,Random Land Description num: 942,722
21-2N-57W,160,0.96,153.6,Random Land Description num: 943,192
22-2N-57W,160,0.22,35.2,Random Land Description num: 944,977
23-2N-57W,160,0.61,97.6,Random Land Description num: 945,408
24-2N-57W,160,0.92,147.2,Random Land Description num: 946,384
25-2N-57W,160,0.49,78.4,Random Land Description num: 947,814
26-2N-57W,160,0.68,108.8,Random Land Description num: 948,972
27-2N-57W,160,0.02,3.2,Random Land Description num: 949,887
28-2N-57W,160,0.57,91.2,Random Land Description num: 950,310
29-2N-57W,160,0.75,120,Random Land Description num: 951,463
30-2N-57W,160,0.04,6.4,Random Land Description num: 952,787
31-2N-57W,160,0.22,35.2,Random Land Description num: 953,8
32-2N-57W,160,0.31,49.6,Random Land Description num: 954,6
33-2N-57W,160,0.39,62.4,Random Land Description num: 955,539
34-2N-57W,160,0.02,3.2,Random Land Description num: 956,766
35-2N-57W,160,0.54,86.4,Random Land Description num: 957,123
36-2N-57W,160,0.04,6.4,Random Land Description num: 958,536
1-3N-57W,160,0.35,56,Random Land Description num: 959,843
2-3N-57W,160,0.31,49.6,Random Land Description num: 960,723
3-3N-57W,160,0.87,139.2,Random Land Description num: 961,502
4-3N-57W,160,0.72,115.2,Random Land Description num: 962,494
5-3N-57W,160,0.99,158.4,Random Land Description num: 963,248
6-3N-57W,160,0.34,54.4,Random Land Description num: 964,358
7-3N-57W,160,0.57,91.2,Random Land Description num: 965,954
8-3N-57W,160,0.99,158.4,Random Land Description num: 966,567
9-3N-57W,160,0.12,19.2,Random Land Description num: 967,220
10-3N-57W,160,0.1,16,Random Land Description num: 968,263
11-3N-57W,160,0.03,4.8,Random Land Description num: 969,686
12-3N-57W,160,0.23,36.8,Random Land Description num: 970,854
13-3N-57W,160,0.49,78.4,Random Land Description num: 971,176
14-3N-57W,160,0.21,33.6,Random Land Description num: 972,241
15-3N-57W,160,0.61,97.6,Random Land Description num: 973,457
16-3N-57W,160,0.58,92.8,Random Land Description num: 974,898
17-3N-57W,160,0.5,80,Random Land Description num: 975,9
18-3N-57W,160,0.78,124.8,Random Land Description num: 976,642
19-3N-57W,160,0.24,38.4,Random Land Description num: 977,333
20-3N-57W,160,0.64,102.4,Random Land Description num: 978,226
21-3N-57W,160,0.73,116.8,Random Land Description num: 979,939
22-3N-57W,160,0.9,144,Random Land Description num: 980,666
23-3N-57W,160,0.85,136,Random Land Description num: 981,453
24-3N-57W,160,0.58,92.8,Random Land Description num: 982,193
25-3N-57W,160,0.09,14.4,Random Land Description num: 983,590
26-3N-57W,160,0.41,65.6,Random Land Description num: 984,450
27-3N-57W,160,0.9,144,Random Land Description num: 985,314
28-3N-57W,160,0.64,102.4,Random Land Description num: 986,395
29-3N-57W,160,0.34,54.4,Random Land Description num: 987,277
30-3N-57W,160,0.56,89.6,Random Land Description num: 988,127
31-3N-57W,160,0.82,131.2,Random Land Description num: 989,889
32-3N-57W,160,0.41,65.6,Random Land Description num: 990,551
33-3N-57W,160,0.95,152,Random Land Description num: 991,304
34-3N-57W,160,0.14,22.4,Random Land Description num: 992,253
35-3N-57W,160,0.74,118.4,Random Land Description num: 993,347
36-3N-57W,160,0.47,75.2,Random Land Description num: 994,741
1-3N-58W,160,0.46,73.6,Random Land Description num: 995,872
2-3N-58W,160,0.22,35.2,Random Land Description num: 996,537
3-3N-58W,160,0.34,54.4,Random Land Description num: 997,373
4-3N-58W,160,0.31,49.6,Random Land Description num: 998,657
5-3N-58W,160,0.75,120,Random Land Description num: 999,622
6-3N-58W,160,0.91,145.6,Random Land Description num: 1000,868
7-3N-58W,160,0.97,155.2,Random Land Description num: 1001,950
8-3N-58W,160,0.62,99.2,Random Land Description num: 1002,955
9-3N-58W,160,0.02,3.2,Random Land Description num: 1003,233
10-3N-58W,160,0.53,84.8,Random Land Description num: 1004,278
11-3N-58W,160,0.69,110.4,Random Land Description num: 1005,682
12-3N-58W,160,0.53,84.8,Random Land Description num: 1006,876
13-3N-58W,160,0.4,64,Random Land Description num: 1007,833
14-3N-58W,160,0.12,19.2,Random Land Description num: 1008,596
15-3N-58W,160,0.56,89.6,Random Land Description num: 1009,863
27-2N-57W,160,0.91,145.6,Random Land Description num: 949,735
28-2N-57W,160,0.12,19.2,Random Land Description num: 950,649
29-2N-57W,160,0.59,94.4,Random Land Description num: 951,332
30-2N-57W,160,0.3,48,Random Land Description num: 952,209
31-2N-57W,160,0.26,41.6,Random Land Description num: 953,512
32-2N-57W,160,0.26,41.6,Random Land Description num: 954,711
33-2N-57W,160,0.18,28.8,Random Land Description num: 955,397
34-2N-57W,160,0.25,40,Random Land Description num: 956,911
35-2N-57W,160,0.74,118.4,Random Land Description num: 957,931
36-2N-57W,160,0.45,72,Random Land Description num: 958,601
1-3N-57W,160,0.03,4.8,Random Land Description num: 959,465
2-3N-57W,160,0.94,150.4,Random Land Description num: 960,29
3-3N-57W,160,0.66,105.6,Random Land Description num: 961,759
4-3N-57W,160,0.37,59.2,Random Land Description num: 962,79
5-3N-57W,160,0.41,65.6,Random Land Description num: 963,274
6-3N-57W,160,0.56,89.6,Random Land Description num: 964,693
7-3N-57W,160,0.43,68.8,Random Land Description num: 965,220
8-3N-57W,160,0.7,112,Random Land Description num: 966,88
9-3N-57W,160,0.92,147.2,Random Land Description num: 967,178
10-3N-57W,160,0.88,140.8,Random Land Description num: 968,176
11-3N-57W,160,0.39,62.4,Random Land Description num: 969,817
12-3N-57W,160,0.57,91.2,Random Land Description num: 970,990
13-3N-57W,160,0.6,96,Random Land Description num: 971,477
14-3N-57W,160,0.06,9.6,Random Land Description num: 972,683
15-3N-57W,160,0.38,60.8,Random Land Description num: 973,607
16-3N-57W,160,0.18,28.8,Random Land Description num: 974,497
17-3N-57W,160,0.15,24,Random Land Description num: 975,569
18-3N-57W,160,0.1,16,Random Land Description num: 976,854
19-3N-57W,160,0.85,136,Random Land Description num: 977,173
20-3N-57W,160,0.95,152,Random Land Description num: 978,442
21-3N-57W,160,1,160,Random Land Description num: 979,402
22-3N-57W,160,0.58,92.8,Random Land Description num: 980,323
23-3N-57W,160,0.14,22.4,Random Land Description num: 981,611
24-3N-57W,160,0.56,89.6,Random Land Description num: 982,213
25-3N-57W,160,0.27,43.2,Random Land Description num: 983,528
26-3N-57W,160,0.63,100.8,Random Land Description num: 984,875
27-3N-57W,160,0.96,153.6,Random Land Description num: 985,489
28-3N-57W,160,0.46,73.6,Random Land Description num: 986,342
29-3N-57W,160,0.33,52.8,Random Land Description num: 987,808
30-3N-57W,160,0.54,86.4,Random Land Description num: 988,232
31-3N-57W,160,0.51,81.6,Random Land Description num: 989,424
32-3N-57W,160,0.16,25.6,Random Land Description num: 990,186
33-3N-57W,160,0.01,1.6,Random Land Description num: 991,698
34-3N-57W,160,0.5,80,Random Land Description num: 992,376
35-3N-57W,160,0.93,148.8,Random Land Description num: 993,855
36-3N-57W,160,0.06,9.6,Random Land Description num: 994,156
1-3N-58W,160,0.71,113.6,Random Land Description num: 995,572
2-3N-58W,160,0.75,120,Random Land Description num: 996,958
3-3N-58W,160,0.26,41.6,Random Land Description num: 997,18
4-3N-58W,160,0.7,112,Random Land Description num: 998,387
5-3N-58W,160,0.08,12.8,Random Land Description num: 999,502
6-3N-58W,160,0.25,40,Random Land Description num: 1000,575
7-3N-58W,160,0.24,38.4,Random Land Description num: 1001,877
8-3N-58W,160,0.32,51.2,Random Land Description num: 1002,569
9-3N-58W,160,0.17,27.2,Random Land Description num: 1003,516
10-3N-58W,160,0.26,41.6,Random Land Description num: 1004,827
11-3N-58W,160,0.85,136,Random Land Description num: 1005,953
12-3N-58W,160,0.12,19.2,Random Land Description num: 1006,599
13-3N-58W,160,0.49,78.4,Random Land Description num: 1007,651
14-3N-58W,160,0.98,156.8,Random Land Description num: 1008,865
15-3N-58W,160,0.04,6.4,Random Land Description num: 1009,819
